distance,metric,reach,our_eff_n,raw_eps,eps_normalised,vd_estimate,vc_dim,riondato_samples,bader_samples,eppstein_samples,eppstein_local_samples,ratio_riondato,ratio_bader,ratio_eppstein,ratio_eppstein_local
1000,betweenness,185.23072814941406,316.0,39657.0,1.1621033543175967,13,4,2.333453832503283,0.7404751536308968,8.855665611157306,3.866466711372339,0.007384347571212922,0.00234327580262942,0.02802425826315603,0.012235654149912466
2000,harmonic,765.051025390625,481.78374025066074,0.9787091016769409,0.0012792729755211098,27,5,2231105.8732853597,611045.4982375592,7307759.8607611805,4057306.9924042625,4630.928125811319,1268.2982989829559,15168.133023665609,8421.427817994318
2000,betweenness,765.051025390625,366.0,180272.921875,0.3084023888534487,27,5,38.38938580150081,10.5139167329473,125.7405199809635,69.81180288731761,0.10488903224453773,0.028726548450675682,0.34355333328132104,0.1907426308396656
5000,harmonic,5100.1591796875,576.6379651741381,6.873631477355957,0.0013477288130009154,71,7,2560758.536846047,550547.7265184282,6584240.598922712,4700040.822553656,4440.842767043143,954.7545596519456,11418.326569833718,8150.765482696404
5000,betweenness,5100.1591796875,466.0,2234430.25,0.08591806782972783,71,7,630.0929958433115,135.46621493800612,1620.0996012056999,1156.4787385678994,1.3521308923676214,0.29070003205580713,3.476608586278326,2.481714031261587
10000,harmonic,20394.3203125,645.9371999283715,23.44727325439453,0.0011496962338099265,142,8,3897175.8007205995,756543.2880279247,9047831.444835156,7507187.917581319,6033.366403348128,1171.2335008911368,14007.29273037453,11622.163762071294
10000,betweenness,20394.3203125,516.0,18292246.0,0.04398148173147999,142,8,2663.0327126549573,516.9639830426385,6182.597949963922,5129.8396651417515,5.160916109796429,1.0018681841911599,11.981778972798297,9.941549738646806
20000,harmonic,69463.4140625,707.2143875067112,46.159576416015625,0.0006645163794351275,263,9,12797832.133683687,2264584.9650123804,27083160.184197742,25246851.113870036,18096.113936259873,3202.1194775125955,38295.54469286124,35699.00663768729
20000,betweenness,69463.4140625,566.0,130432144.0,0.0270320284573652,263,9,7733.756922674052,1368.4934657059741,16366.410761956196,15256.725321760607,13.663881488823412,2.4178329782791064,28.915920074127555,26.955345091449836
