distance,reach,model_p,model_eff_n,actual_p,observed_rho,speedup,meets_target
5000,2783.2451171875,0.18784425904958227,522.8166167914537,0.2,0.9912110048223304,5.323559022030297,True
10000,11590.2001953125,0.09205093109037017,1066.8887195023058,0.1,0.9885366947553484,10.86355116840979,True
20000,43164.89453125,0.047698894364465526,2058.9177444993893,0.05,0.9864458674386564,20.964846529964326,True
