distance,reach,model_p,model_eff_n,actual_p,observed_rho,speedup,meets_target
5000,2783.2451171875,0.26935084975727186,749.6694373972308,0.25,0.992878087348752,3.7126298316903763,True
10000,11590.2001953125,0.13199230381373966,1529.8172254417523,0.15,0.9908732578930064,7.576199301825548,True
20000,43164.89453125,0.06839569010283099,2952.2927496807592,0.05,0.9864458674386564,14.62080430062959,True
