distance,reach,model_p,model_eff_n,actual_p,observed_rho_h,observed_rho_b,speedup,meets_target
1000,99.62776184082033,1.0,99.62776184082033,0.9,0.99476574705069,0.9983060534224856,1.0,True
2000,410.9251708984375,0.7300599263464119,300.0,0.7,0.9925183563370634,0.9975510160926792,1.3697505696614583,True
5000,2783.2470703125,0.1925829467513527,536.0059223378506,0.2,0.9874740367693936,0.991210879855404,5.192567757783444,True
10000,11590.205078125,0.0943730840440014,1093.8033979251024,0.1,0.995711291958886,0.9885367718163284,10.59624160988265,True
20000,43164.921875,0.048902180953199904,2110.858820361987,0.05,0.99878977446653,0.98644597176,20.448985720228194,True
