distance,canonical_reach,epsilon_closeness,epsilon_betweenness,hoeffding_p_close,hoeffding_p_betw,rho_closeness,rho_betweenness,speedup_closeness,speedup_betweenness,meets_target
1000,102.58261726007487,0.05,0.05,1.0,1.0,0.9999999999999999,1.0,1.0314457917208162,1.0264974421232596,True
2000,410.3304690402995,0.05,0.05,1.0,1.0,0.9999999999999999,1.0,0.9903701453928576,0.9895019887706554,True
5000,2564.565431501872,0.05,0.05,0.8457788958059517,0.8457788958059517,0.9987971151932401,0.9993687927904729,1.0377460178811175,1.1409677201153154,True
10000,10258.261726007488,0.05,0.05,0.23847258497018772,0.23847258497018772,0.9957928415735258,0.9921108958962538,3.6974932530067037,4.760221586541581,True
20000,41033.04690402995,0.05,0.05,0.06637511149722188,0.06637511149722188,0.9948786446058054,0.9812483938015726,10.978756879146022,15.061643249542097,True
