distance,reach,epsilon,hoeffding_p,rk_n_samples,rho_closeness,rho_betweenness,speedup_closeness,speedup_betweenness,speedup,meets_target
1000,185.23072814941406,0.1,1.0,316,1.0,0.09404767296439824,1.0,548.4714813859763,1.0,False
2000,765.051025390625,0.1,0.6297406633821166,366,0.9870561872401027,0.17468005230722794,1.5879552618205566,479.2486443753515,1.5879552618205566,False
5000,5100.1591796875,0.1,0.11306273880053097,466,0.9645078817987152,0.37491852165720563,8.84464688020899,406.2387609745083,8.84464688020899,False
10000,20394.3203125,0.1,0.03167240633817379,516,0.9754878802615468,0.5646922974029583,31.57322463354262,365.8003058353855,31.57322463354262,False
20000,69463.4140625,0.1,0.010181106083706051,566,0.9828216982815446,0.7169118962046109,98.22115512580804,410.5627761662306,98.22115512580804,False
