distance,canonical_reach,epsilon_closeness,epsilon_betweenness,hoeffding_p_close,hoeffding_p_betw,rho_closeness,rho_betweenness,speedup_closeness,speedup_betweenness,meets_target
1000,102.58261726007487,0.06,0.06,1.0,1.0,1.0,0.9999999999999999,0.5205454016902924,0.4857090903600764,True
2000,410.3304690402995,0.06,0.06,1.0,1.0,1.0,1.0,0.5352287060428245,0.4929282981865449,True
5000,2564.565431501872,0.06,0.06,0.5873464554207999,0.5873464554207999,0.9957442833186526,0.9971598693031382,0.9201804962021023,0.7522709535424577,True
10000,10258.261726007488,0.06,0.06,0.16560596178485262,0.16560596178485262,0.9937867047262849,0.985707842863348,3.1154834283045094,3.496332543987092,True
20000,41033.04690402995,0.06,0.06,0.04609382742862632,0.04609382742862632,0.9932471196644314,0.9671814329033929,12.39441583467449,12.166345178503326,True
