distance,reach,hoeff_p,hoeff_eff_n,actual_p,observed_rho_h,observed_rho_b,speedup,meets_target
1000,99.62776184082033,1.0,99.62776184082033,0.9,0.99476574705069,0.9983060534224856,1.0,True
2000,410.9251708984375,1.0,410.9251708984375,0.9,0.997851070134613,0.9993385727326828,1.0,True
5000,2783.2470703125,0.19630139785472794,546.35529047742,0.2,0.9874740367693936,0.991210879855404,5.094207228926846,True
10000,11590.205078125,0.053293482819599294,617.6823952066871,0.05,0.9930320224723777,0.9846072338255116,18.764020422253928,True
20000,43164.921875,0.015832897559607286,683.4257862153266,0.01,0.9958644854039852,0.9824148303651667,63.159633051071395,True
