distance,metric,canonical_reach,our_eff_n,raw_eps,eps_normalised,eppstein_samples,eppstein_local_samples,ratio_eppstein,ratio_eppstein_local
5000,harmonic,2564.565431501872,2169.055318877767,0.933464527130127,0.00036398545954956094,90269835.08986822,59248365.82839541,41617.11981443254,27315.285743403503
10000,harmonic,10258.261726007488,2446.314191101745,3.0747036933898926,0.00029972950344936915,133122581.35100186,102805736.86833203,54417.613990559206,42024.74777862915
20000,harmonic,41033.04690402995,2723.5730633257226,11.716968536376953,0.0002855495611569172,146672172.45369485,130271298.6503609,53852.850297540834,47831.027705674314
