distance,metric,reach,our_eff_n,raw_eps,eps_normalised,eppstein_samples,eppstein_local_samples,ratio_eppstein,ratio_eppstein_local
2000,harmonic,765.0511474609375,481.7837482285798,1.9362990856170652,0.0025309406985967956,1867010.5831270565,1036574.1923892228,3875.2045704980133,2151.534160711095
5000,harmonic,5100.1611328125,576.637984321821,6.785032749176025,0.0013303565460949264,6757322.038578153,4823592.087799806,11718.482344733813,8365.02661799637
10000,harmonic,20394.33203125,645.9372286587878,27.599594116210938,0.00135329728249596,6530167.1715279315,5418225.928228765,10109.600254945903,8388.161709581393
20000,harmonic,69463.46875,707.2144268709409,39.19502639770508,0.0005642538027976767,37563126.201333724,35016250.50758295,53114.19673313395,49512.918822247164
