distance,metric,canonical_reach,our_eff_n,raw_eps,eps_normalised,eppstein_samples,eppstein_local_samples,ratio_eppstein,ratio_eppstein_local
5000,harmonic,2564.565431501872,1506.2884158873387,1.6581604480743408,0.0006465658577887334,28607847.58031485,18776684.562612124,18992.277493857153,12465.530747344277
10000,harmonic,10258.261726007488,1698.8292993762122,5.334798812866211,0.000520049005899415,44220350.206952855,34149771.14675123,26029.896130935573,20101.94382642834
20000,harmonic,41033.04690402995,1891.370182865086,22.637216567993164,0.0005516825650539227,39294539.23407397,34900626.139607035,20775.699855091192,18452.562304190953
