distance,reach,epsilon_closeness,epsilon_betweenness,hoeffding_p_close,hoeffding_p_betw,rho_closeness,rho_betweenness,speedup_closeness,speedup_betweenness,meets_target
1000,185.2308349609375,0.1,0.1,1.0,1.0,1.0,1.0,0.9986728911434486,0.9997171974424112,True
2000,765.0511474609375,0.1,0.1,0.6297405733296793,0.6297405733296793,0.8404625580191412,0.9776533998801232,1.583535731282752,1.586738040597773,False
5000,5100.1611328125,0.1,0.1,0.1130626992570786,0.1130626992570786,0.5447140042204633,0.9558579999708872,8.986686200574278,8.851014208866731,False
10000,20394.33203125,0.1,0.1,0.0316723895476952,0.0316723895476952,0.3972020282951549,0.9514092948887184,34.297761663454665,33.23725319080407,False
20000,69463.46875,0.1,0.1,0.0101810986349705,0.0101810986349705,0.6940702113955362,0.9634600985764604,112.1533358875069,111.77539300792624,False
