distance,reach,epsilon_closeness,epsilon_betweenness,hoeffding_p_close,hoeffding_p_betw,rho_closeness,rho_betweenness,speedup_closeness,speedup_betweenness,meets_target
1000,185.2308807373047,0.1,0.05,1.0,1.0,1.0,1.0,0.5686528163620929,0.9201920844983008,True
2000,765.0513305664062,0.1,0.05,0.8344589996096234,1.0,0.995453333576018,1.0,1.3583927947563117,0.935335022559619,True
5000,5100.16064453125,0.1,0.05,0.1597632358092109,0.6390529432368439,0.9755109228420772,0.9981496613083074,7.064285071452326,1.5522272093345428,True
10000,20394.328125,0.1,0.05,0.0449051099557374,0.1796204398229496,0.978515620722595,0.9900149337330054,18.589049777355267,5.482537068278605,True
20000,69463.4375,0.1,0.05,0.012467352739793,0.049869410959172,0.9835607803887846,0.979538198091342,58.81005191459325,19.46148558267966,True
