distance,reach,epsilon_closeness,epsilon_betweenness,hoeffding_p_close,hoeffding_p_betw,rho_closeness,rho_betweenness,speedup_closeness,speedup_betweenness,meets_target
1000,185.2308349609375,0.05,0.05,1.0,1.0,1.0,1.0,0.9862311662076954,0.8673289724406756,True
2000,765.0511474609375,0.05,0.05,1.0,1.0,1.0,1.0,1.075444490221385,0.9763505645873212,True
5000,5100.16015625,0.05,0.05,0.6390529432368439,0.6390529432368439,0.9964155326326004,0.9981496499447516,1.4683467021694752,1.5805318368543495,True
10000,20394.32421875,0.05,0.05,0.1796204398229496,0.1796204398229496,0.9942350798427604,0.9900148872686172,4.661660987673937,4.786910383995623,True
20000,69463.4296875,0.05,0.05,0.049869410959172,0.049869410959172,0.992969320407609,0.9795381434903334,14.323408914269129,18.255621873565445,True
