distance,metric,reach,our_eff_n,raw_eps,eps_normalised,eppstein_samples,eppstein_local_samples,ratio_eppstein,ratio_eppstein_local
2000,harmonic,765.0513305664062,638.4039679544547,1.0232558250427246,0.0013374995691925096,6685338.735199015,3711735.7087862627,10471.956740212434,5814.086213591747
5000,harmonic,5100.16064453125,814.8181677171032,4.624009132385254,0.0009066398991458124,14549265.324435083,10385729.718748515,17855.8430590694,12746.070387515389
10000,harmonic,20394.328125,915.8095469265127,18.535240173339844,0.0009088428929717361,14478817.29495764,12013398.692980478,15809.856256193258,13117.791502936221
20000,harmonic,69463.4375,866.0251778310649,69.19129180908203,0.0009960821735763082,12053700.135674443,11236428.091735885,13918.417667558568,12974.712952199838
