distance,reach,hoeff_p,hoeff_eff_n,actual_p,observed_rho_h,observed_rho_b,speedup,meets_target,max_abs_error_h,max_abs_error_b
1000,185.23077392578125,1.0,185.23077392578125,0.9,0.9945484455687288,0.9980030111099568,1.0,True,0.8046037554740906,1481.4443359375
2000,765.051025390625,0.6297406633821166,481.78374025066074,0.6,0.9855886147630294,0.995329720102474,1.5879552618205566,True,1.026801824569702,10410.66796875
5000,5100.15966796875,0.11306272891466518,576.6379699610595,0.1,0.9616097711153778,0.9777106658342368,8.844647653558376,True,7.393832206726074,348074.0
10000,20394.328125,0.03167239514451937,645.9372190819848,0.025,0.9734991768684444,0.9628738119055033,31.573235792148207,True,30.011180877685547,3098096.0
20000,69463.453125,0.010181100763179527,707.2144156240228,0.01,0.9827110300462998,0.9509558609383753,98.22120645505753,True,47.03102111816406,22883368.0
