distance,metric,reach,our_eff_n,raw_eps,eps_normalised,eppstein_samples,eppstein_local_samples,ratio_eppstein,ratio_eppstein_local
5000,harmonic,5100.16015625,3259.272358830844,1.105482578277588,0.00021675448307694267,254550844.08070546,181706510.78950235,78100.51326057855,55750.63719273941
10000,harmonic,20394.32421875,3663.237486063708,4.004698753356934,0.00019636339554095743,310162759.5832726,257348976.9751011,84669.02862925074,70251.78628307625
20000,harmonic,69463.4296875,3464.100321719486,17.121429443359375,0.0002464811991055545,196853491.70972556,183506313.9941985,56826.72943259703,52973.72967048221
