distance,metric,reach,our_n,eps_normalised,eppstein_global,eppstein_local,ratio_global,ratio_local
1000.0,betweenness,183.54135131835935,183.54135131835935,127.19749436466493,0.0007483202067050511,0.00032216915305228084,4.077120503526542e-06,1.755294655608514e-06
2000.0,harmonic,552.5654907226562,465.51521175828884,0.0032298167078131093,1160616.74348389,605324.3763683006,2493.1875783395913,1300.3321074770922
2000.0,betweenness,552.5654907226562,465.51521175828884,238.49118740233462,0.00021286287003856018,0.00011101949440370671,4.57262973715853e-07,2.384873610990649e-07
5000.0,harmonic,2446.977294921875,539.917052910653,0.0016223089906143172,4600207.642984095,2964644.904024958,8520.211795839223,5490.926593340174
5000.0,betweenness,2446.977294921875,539.917052910653,834.6720275004467,1.7378523153746772e-05,1.1199744469320088e-05,3.218739445264868e-08,2.074345384896271e-08
10000.0,harmonic,8802.19140625,603.92441332283,0.0019007906325123893,3351012.2785580503,2513906.2694037557,5548.72796103832,4162.61739705485
10000.0,betweenness,8802.19140625,603.92441332283,1716.0907213713203,4.1111573464564895e-06,3.084161849806615e-06,6.807403800480004e-09,5.10686731943384e-09
20000.0,harmonic,29437.5078125,664.2878594852727,0.0018700674483963778,3462023.7576145492,2942401.172886216,5211.631837283791,4429.4068164457385
20000.0,betweenness,29437.5078125,664.2878594852727,3021.3174486949447,1.3263308385056246e-06,1.1272589930298827e-06,1.9966206209659463e-09,1.6969435417701985e-09
