distance,metric,canonical_reach,our_n,eps_normalised,eppstein_global,eppstein_local,ratio_global,ratio_local
5000.0,harmonic,2564.565431501872,2169.055318877767,0.0004594945095515562,57343465.07096155,37177809.103701845,26437.06897278678,17140.09263854876
5000.0,betweenness,2564.565431501872,2169.055318877767,10.415580422277287,0.11160345303384363,0.07235649026565912,5.145256188836409e-05,3.335852692917724e-05
10000.0,harmonic,10258.261726007488,2446.314191101745,0.00036103735353584484,92883871.94126111,70855254.86916848,37968.905334857685,28964.086104269965
10000.0,betweenness,10258.261726007488,2446.314191101745,60.262890196368616,0.003333839379160302,0.002543176053778819,1.3628009808743507e-06,1.0395950213710898e-06
20000.0,harmonic,41033.04690402995,2723.5730633257226,0.00024177158367434966,207125740.7762935,181719371.54019368,76049.26908895726,66720.94609362097
20000.0,betweenness,41033.04690402995,2723.5730633257226,106.45741249039398,0.0010682988793343084,0.0009372596580325321,3.9224168197265887e-07,3.441287001451158e-07
