distance,metric,reach,our_eff_n,raw_eps,eps_normalised,vd_estimate,vc_dim,riondato_samples,bader_samples,eppstein_samples,eppstein_local_samples,ratio_riondato,ratio_bader,ratio_eppstein,ratio_eppstein_local
1000,harmonic,77.40776824951172,77.40776824951172,1.7642974853515626e-06,2.2792253610317614e-08,8,3,5103676206512980.0,1924976635737964.5,2.2145990902899664e+16,8371891132328367.0,65932351777176.75,24868003293068.81,286095199534955.7,108153113332797.53
2000,harmonic,269.4800109863281,269.4800109863281,3.2901763916015627e-06,1.2209352298744294e-08,16,4,2.1139926423969616e+16,6708335107595377.0,7.717637996653202e+16,3.754315863442368e+16,78447103911696.58,24893627854036.71,286389998590461.3,139317044321808.36
5000,harmonic,1451.381591796875,387.0655443748352,4.036712265014648,0.00278128941956403,38,6,536649.8006211756,129272.94200790924,1487227.088655397,941142.0771173513,1386.4571735206753,333.9820448671117,3842.3132987914905,2431.4798637978147
5000,betweenness,1451.381591796875,387.0655443748352,98244.946875,0.04667091683583337,38,6,1905.858592991218,459.1000445390038,5281.739643548386,3342.3728338732394,4.923865274728716,1.18610413975368,13.64559496526391,8.635159813234312
10000,harmonic,5218.89892578125,733.9781828863341,8.28260850906372,0.0015870413715329513,72,7,1846703.4441833065,397030.16435164755,4567653.572864057,3398594.77288156,2516.0195319719633,540.9291088058577,6223.146245167639,4630.375741574155
10000,betweenness,5218.89892578125,733.9781828863341,650918.125,0.023902967254408044,72,7,8140.855059594113,1750.2350106370209,20135.667053768968,14982.084719378823,11.091412864045346,2.38458724175466,27.433604326747723,20.412166286009334
20000,harmonic,15300.201171875,1256.7308566624358,13.639410591125488,0.0008914530232581258,123,7,5852975.838160374,1258354.7002581812,14476805.18670573,12125029.297121733,4657.302561746928,1001.2921172318931,11519.415720524696,9648.071608047241
20000,betweenness,15300.201171875,1256.7308566624358,28939523.2,0.12363045714961485,123,7,304.31454149078866,65.4258012044359,752.6944334744601,630.4182407620725,0.24214774378897028,0.05206031256222238,0.5989304945320026,0.5016334543072384
