distance,metric,reach,our_n,eps_normalised,eppstein_global,eppstein_local,ratio_global,ratio_local
5000.0,harmonic,2446.977294921875,1563.7480423535549,0.000735150048993826,22402299.76134905,14437362.17586051,14326.028973076733,9232.537330074752
5000.0,betweenness,2446.977294921875,1563.7480423535549,23.46844415727751,0.02198244459669811,0.014166782764905154,1.4057536125585122e-05,9.059504716362819e-06
10000.0,harmonic,8802.19140625,1581.0534917964121,0.0005925634096550663,34480608.69645914,25867114.52223785,21808.62878793674,16360.682707102667
10000.0,betweenness,8802.19140625,1581.0534917964121,89.63006637640396,0.0015070829239923636,0.0011306032017185026,9.532143800397276e-07,7.150948450415156e-07
20000.0,harmonic,29437.5078125,1468.031174715399,0.00043030168974626733,65388064.47108394,55573829.373442985,44541.33236220985,37856.02808075029
20000.0,betweenness,29437.5078125,1468.031174715399,193.18184257382097,0.00032442325478392427,0.0002757298713760192,2.2099207453603215e-07,1.8782289921702364e-07
