distance,mean_reach,sample_prob,effective_n,rho_closeness,rho_closeness_std,rho_betweenness,rho_betweenness_std,max_abs_error_closeness,max_abs_error_betweenness,baseline_time,sampled_time,speedup
1000,77.40776824951172,0.1,7.740776824951173,0.8786192916633552,0.0022376959630048135,0.9095411797308571,0.0009393438213191437,31.480623245239258,40922.278645833336,9.261801540997112,0.9301992920033323,9.956792722396454
2000,269.4800109863281,0.1,26.948001098632815,0.945563700590378,0.0036506941410129915,0.9599585697133527,0.0007567960172524775,32.19463539123535,206968.57291666666,9.573036375019,0.9716673609994663,9.852174477870786
5000,1451.381591796875,0.1,145.1381591796875,0.9878844342235692,0.0016353626567719032,0.9822152276488275,0.00017307403549614783,34.72734769185384,3006592.6666666665,19.45180395798525,2.0526280136740147,9.476536337028897
10000,5218.89892578125,0.1,521.889892578125,0.9971948920318797,0.00037469294231927766,0.9865457862379049,0.00013746279554375775,37.64189783732096,21361047.333333332,104.81600074999733,11.048645139002474,9.48677411857402
20000,15300.201171875,0.1,1530.0201171875,0.9988000622018789,0.00014671938908927836,0.9870265485290807,0.00032444193033137104,39.78448232014974,108897312.0,405.94086587501806,41.69285637467207,9.736460899369382
