distance,mean_reach,sample_prob,effective_n,rho_closeness,rho_closeness_std,rho_betweenness,rho_betweenness_std,baseline_time,sampled_time,speedup
500,22.258224487304688,1.0,22.258224487304688,0.9999999999934513,1.5171272445103043e-13,1.0,0.0,2.1805080830090446,2.192723347339779,0.9944291812528224
1000,77.40776824951172,1.0,77.40776824951172,0.9999999999864269,5.575015696183755e-13,1.0,0.0,2.252159124996979,2.2514428193341396,1.0003181540551187
2000,269.4800109863281,1.0,269.4800109863281,0.9999999999774899,1.829606100502375e-12,1.0,0.0,2.9388938750053057,3.157056124667482,0.9308969365613815
4000,957.56689453125,0.3655097121662009,350.0,0.9953887658405077,2.8617608030091866e-05,0.9946251554565566,0.0001461576609544426,11.576516791988979,4.785844819334064,2.41890768067148
5000,1451.381591796875,0.2601254528160632,377.5412937750607,0.9953878917283313,0.00011712501975299182,0.992472951503334,0.0003511145344886354,21.793681417009793,6.25407084733403,3.484719305074702
10000,5218.89892578125,0.13717791938182508,715.9176961027139,0.9978666311720591,0.0003098428565372363,0.9892121468363424,0.00012566490709198407,145.6212886669964,20.51116755566424,7.099609920878566
20000,15300.201171875,0.08011707476284609,1225.8073611736947,0.9985265821383807,0.00020099634401274898,0.9851329800779828,0.00033518450177456134,603.8459722080006,49.30794720866834,12.246422866735049
