distance,metric,reach,our_n,eps_normalised,eppstein_global,eppstein_local,ratio_global,ratio_local
2000.0,harmonic,552.5654907226562,461.0932466072284,0.0022380495436685435,2417158.852684662,1260679.016823756,5242.234342988899,2734.108612737146
5000.0,harmonic,2446.977294921875,390.9370105883885,0.0024997460248583755,1937549.5256936087,1248671.097793616,4956.168060878801,3194.046774733033
5000.0,betweenness,2446.977294921875,1563.7480423535549,23.46844415727751,0.02198244459669811,0.014166782764905154,1.4057536125585122e-05,9.059504716362819e-06
10000.0,harmonic,8802.19140625,395.26337294910303,0.0015998025248451092,4730552.09446763,3548827.5122466786,11968.101317287423,8978.386956950982
10000.0,betweenness,8802.19140625,1581.0534917964121,89.63006637640396,0.0015070829239923636,0.0011306032017185026,9.532143800397276e-07,7.150948450415156e-07
20000.0,harmonic,29437.5078125,367.00779367884974,0.001790954244123741,3774640.5767665063,3208096.661923091,10284.90577524222,8741.222167969372
20000.0,betweenness,29437.5078125,1468.031174715399,193.18184257382097,0.00032442325478392427,0.0002757298713760192,2.2099207453603215e-07,1.8782289921702364e-07
