distance,metric,reach,our_eff_n,raw_eps,eps_normalised,vd_estimate,vc_dim,riondato_samples,bader_samples,eppstein_samples,eppstein_local_samples,ratio_riondato,ratio_bader,ratio_eppstein,ratio_eppstein_local
2000,harmonic,552.5654907226562,465.5152117582888,1.7846852540969849,0.0032298167078131093,23,5,350018.40141867346,95861.50574389721,1160616.74348389,605324.3763683006,751.894659030852,205.92561386301537,2493.1875783395913,1300.3321074770924
2000,betweenness,552.5654907226562,465.5152117582888,6513.375,0.021371019378893814,23,5,7994.589233429276,2189.5230611141046,26509.046621510115,13825.900931013537,17.17363693279337,4.703440415715091,56.9456076878418,29.700212972186204
5000,harmonic,2446.977294921875,539.9170529106532,3.9697532653808594,0.0016223089906143172,49,6,1577306.8511760503,379955.6002158956,4600207.642984095,2964644.904024958,2921.3873551000192,703.7295787706332,8520.21179583922,5490.926593340172
5000,betweenness,2446.977294921875,539.9170529106532,154001.75,0.025730207881921516,49,6,6270.421708256037,1510.4745420910397,18287.65394986119,11785.641931123439,11.613675979398417,2.797604806049711,33.87122864757427,21.828615835687923
10000,harmonic,8802.19140625,603.92441332283,16.731122970581055,0.0019007906325123893,93,7,1287375.054730836,276777.9153561052,3351012.2785580503,2513906.2694037557,2131.6824197379565,458.29893485056476,5548.72796103832,4162.61739705485
10000,betweenness,8802.19140625,603.92441332283,1550314.0,0.020011857176893154,93,7,11614.45581825945,2497.038339806538,30232.20304971252,22679.989945385412,19.231638201800763,4.134686865973303,50.059580938901014,37.55435191069473
20000,harmonic,29437.5078125,664.2878594852754,55.05012512207031,0.0018700674483963778,171,8,1472996.358531818,285946.94345858565,3462023.7576145492,2942401.172886216,2217.4067123147065,430.4563742594244,5211.631837283771,4429.406816445721
20000,betweenness,29437.5078125,664.2878594852754,12463040.0,0.014382575509348194,171,8,24902.496572908014,4834.222934949052,58529.02097141211,49744.27445085687,37.487508189903934,7.277301347483391,88.10791908309663,74.88361218794712
