distance,metric,reach,our_eff_n,raw_eps,eps_normalised,vd_estimate,vc_dim,riondato_samples,bader_samples,eppstein_samples,eppstein_local_samples,ratio_riondato,ratio_bader,ratio_eppstein,ratio_eppstein_local
5000,harmonic,1451.381591796875,513.8001738625406,2.7717486381530763,0.0019097311512140155,38,6,1138253.1873953543,274192.47731790046,3154461.199991586,1996195.596887806,2215.361623641405,533.6558671372821,6139.470869146716,3885.159442203415
5000,betweenness,1451.381591796875,513.8001738625406,79026.575,0.037541296799095535,38,6,2945.539145049974,709.5474751678252,8163.024754956602,5165.698051120106,5.7328496464036,1.38097943765518,15.887547669729855,10.053904832858445
10000,harmonic,5218.89892578125,577.788699921132,10.144776344299316,0.0019438537684997761,72,7,1230967.1798507173,264650.56057972147,3044685.737081135,2265419.841072294,2130.479844999987,458.0403884946975,5269.548777081888,3920.8448371896566
10000,betweenness,5218.89892578125,577.788699921132,741818.25,0.02724099492309003,72,7,6267.981776047888,1347.5784877836643,15503.284755432596,11535.328082963562,10.848224925311738,2.332303293518216,26.832101004309692,19.964613507564497
20000,harmonic,15300.201171875,631.5676764668318,22.489799118041994,0.0014699021839910831,123,7,2152765.7995639965,462831.73505938373,5324671.06556281,4459671.304188961,3408.6066779211646,732.82999163066,8430.879641197798,7061.272244231408
20000,betweenness,15300.201171875,631.5676764668318,28855103.2,0.12326981253496651,123,7,306.0977833499672,65.80918750864106,757.105120569355,634.1124059840478,0.48466347274509797,0.10419973972828417,1.198771167018577,1.0040292269728748
