distance,metric,canonical_reach,our_n,eps_normalised,eppstein_global,eppstein_local,ratio_global,ratio_local
5000.0,harmonic,2564.565431501872,1506.2884158873387,0.0004950567384956869,45193634.43247933,32028344.65884316,30003.30743820813,21263.089008073926
5000.0,betweenness,2564.565431501872,1506.2884158873387,39.36951120832664,0.007146068505843213,0.005064358021543934,4.744156849691723e-06,3.3621436426971218e-06
10000.0,harmonic,10258.261726007488,1698.8292993762122,0.00045518593230801105,53457612.406115495,44575751.69692289,31467.32424837765,26239.099898553974
10000.0,betweenness,10258.261726007488,1698.8292993762122,101.36727135394605,0.0010779328535481252,0.0008988367617447115,6.345151063405416e-07,5.290918646592406e-07
20000.0,harmonic,41033.04690402995,1891.370182865086,0.0003165542486677063,110532737.80943045,106002337.71066429,58440.56272579766,56045.26214434119
20000.0,betweenness,41033.04690402995,1891.370182865086,207.07938213492696,0.00025829351351550176,0.00024770684948878795,1.3656423044812598e-07,1.3096687879130916e-07
