distance_m,distance_km,mean_reachability,full_time_s,adaptive_time_s,speedup,rho_harmonic,rho_harmonic_std,rho_betweenness,rho_betweenness_std,target_rho
5000,5.0,2435.74365234375,40.61111354100285,23.42067758302437,1.733985423651378,0.9969867775591825,0.0005242054917229143,0.9974445093556348,0.0005078753493392288,0.95
10000,10.0,8587.4501953125,160.8078797920025,37.14231158304028,4.3295065099133385,0.9908450939942185,0.00041159403870237723,0.9859226051478481,0.00036702630312548457,0.95
20000,20.0,27631.888671875,760.2690445000189,54.283686249982566,14.005479307335417,0.987806985277765,0.0006322409664184246,0.9668967296960717,0.0007472314042184663,0.95
